epoch,step,train/loss,train/reward,val/reward
0,19,,,-450.7820129394531
1,39,,,-6.71999979019165
2,49,-148.84619140625,-10.74609375,
2,59,,,-6.651000022888184
